"Code injection","Interpreting unsanitized user input as code allows a malicious user to perform arbitrary code execution.","error","This code execution depends on a [[""user-provided value""|""relative:///code_row_82.py:1:26:1:32""]].","/code_row_82.py","9","21","9","27"
"Information exposure through an exception","Leaking information about an exception, such as messages and stack traces, to an external user can expose implementation details that are useful to an attacker for developing a subsequent exploit.","error","[[""Stack trace information""|""relative:///code_row_111.py:11:45:11:45""]] flows to this location and may be exposed to an external user.","/code_row_111.py","12","16","12","26"
"Information exposure through an exception","Leaking information about an exception, such as messages and stack traces, to an external user can expose implementation details that are useful to an attacker for developing a subsequent exploit.","error","[[""Stack trace information""|""relative:///code_row_111.py:13:25:13:25""]] flows to this location and may be exposed to an external user.","/code_row_111.py","14","16","14","26"
"Information exposure through an exception","Leaking information about an exception, such as messages and stack traces, to an external user can expose implementation details that are useful to an attacker for developing a subsequent exploit.","error","[[""Stack trace information""|""relative:///code_row_113.py:16:25:16:25""]] flows to this location and may be exposed to an external user.","/code_row_113.py","17","24","17","40"
"URL redirection from remote source","URL redirection based on unvalidated user input may cause redirection to malicious web sites.","error","Untrusted URL redirection depends on a [[""user-provided value""|""relative:///code_row_29.py:1:36:1:42""]].","/code_row_29.py","11","25","11","30"
"URL redirection from remote source","URL redirection based on unvalidated user input may cause redirection to malicious web sites.","error","Untrusted URL redirection depends on a [[""user-provided value""|""relative:///code_row_30.py:2:26:2:32""]].","/code_row_30.py","11","25","11","30"
"URL redirection from remote source","URL redirection based on unvalidated user input may cause redirection to malicious web sites.","error","Untrusted URL redirection depends on a [[""user-provided value""|""relative:///code_row_32.py:9:26:9:28""]].","/code_row_32.py","11","25","11","27"
"URL redirection from remote source","URL redirection based on unvalidated user input may cause redirection to malicious web sites.","error","Untrusted URL redirection depends on a [[""user-provided value""|""relative:///code_row_33.py:1:26:1:32""]].","/code_row_33.py","9","25","9","27"
"URL redirection from remote source","URL redirection based on unvalidated user input may cause redirection to malicious web sites.","error","Untrusted URL redirection depends on a [[""user-provided value""|""relative:///code_row_66.py:1:26:1:32""]].","/code_row_66.py","19","29","19","39"
"URL redirection from remote source","URL redirection based on unvalidated user input may cause redirection to malicious web sites.","error","Untrusted URL redirection depends on a [[""user-provided value""|""relative:///code_row_66.py:1:26:1:32""]].","/code_row_66.py","22","29","22","39"
"Use of a broken or weak cryptographic hashing algorithm on sensitive data","Using broken or weak cryptographic hashing algorithms can compromise security.","warning","[[""Sensitive data (password)""|""relative:///code_row_92.py:3:19:3:26""]] is used in a hashing algorithm (SHA256) that is insecure for password hashing, since it is not a computationally expensive hash function.
[[""Sensitive data (password)""|""relative:///code_row_92.py:8:16:8:45""]] is used in a hashing algorithm (SHA256) that is insecure for password hashing, since it is not a computationally expensive hash function.","/code_row_92.py","4","27","4","43"
"Use of a broken or weak cryptographic hashing algorithm on sensitive data","Using broken or weak cryptographic hashing algorithms can compromise security.","warning","[[""Sensitive data (password)""|""relative:///code_row_93.py:4:19:4:26""]] is used in a hashing algorithm (SHA256) that is insecure for password hashing, since it is not a computationally expensive hash function.
[[""Sensitive data (password)""|""relative:///code_row_93.py:7:27:7:34""]] is used in a hashing algorithm (SHA256) that is insecure for password hashing, since it is not a computationally expensive hash function.
[[""Sensitive data (password)""|""relative:///code_row_93.py:18:16:18:45""]] is used in a hashing algorithm (SHA256) that is insecure for password hashing, since it is not a computationally expensive hash function.","/code_row_93.py","5","19","5","35"
"Use of a broken or weak cryptographic hashing algorithm on sensitive data","Using broken or weak cryptographic hashing algorithms can compromise security.","warning","[[""Sensitive data (password)""|""relative:///code_row_99.py:4:19:4:26""]] is used in a hashing algorithm (SHA256) that is insecure for password hashing, since it is not a computationally expensive hash function.
[[""Sensitive data (password)""|""relative:///code_row_99.py:7:27:7:34""]] is used in a hashing algorithm (SHA256) that is insecure for password hashing, since it is not a computationally expensive hash function.
[[""Sensitive data (password)""|""relative:///code_row_99.py:18:16:18:45""]] is used in a hashing algorithm (SHA256) that is insecure for password hashing, since it is not a computationally expensive hash function.","/code_row_99.py","5","19","5","35"
"Incomplete URL substring sanitization","Security checks on the substrings of an unparsed URL are often vulnerable to bypassing.","warning","The string [[""http://example.com""|""relative:///code_row_32.py:6:27:6:46""]] may be at an arbitrary position in the sanitized URL.","/code_row_32.py","6","12","6","47"
"Incomplete URL substring sanitization","Security checks on the substrings of an unparsed URL are often vulnerable to bypassing.","warning","The string [[""https://example.com""|""relative:///code_row_32.py:6:67:6:87""]] may be at an arbitrary position in the sanitized URL.","/code_row_32.py","6","52","6","88"
"Incomplete URL substring sanitization","Security checks on the substrings of an unparsed URL are often vulnerable to bypassing.","warning","The string [[""example.com""|""relative:///code_row_33.py:8:16:8:28""]] may be at an arbitrary position in the sanitized URL.","/code_row_33.py","8","16","8","35"
"Flask app is run in debug mode","Running a Flask app in debug mode may allow an attacker to run arbitrary code through the Werkzeug debugger.","error","A Flask app appears to be run in debug mode. This may allow an attacker to run arbitrary code through the debugger.","/code_row_111.py","18","5","18","39"
"Flask app is run in debug mode","Running a Flask app in debug mode may allow an attacker to run arbitrary code through the Werkzeug debugger.","error","A Flask app appears to be run in debug mode. This may allow an attacker to run arbitrary code through the debugger.","/code_row_112.py","13","5","13","23"
"Flask app is run in debug mode","Running a Flask app in debug mode may allow an attacker to run arbitrary code through the Werkzeug debugger.","error","A Flask app appears to be run in debug mode. This may allow an attacker to run arbitrary code through the debugger.","/code_row_113.py","20","5","20","23"
"Flask app is run in debug mode","Running a Flask app in debug mode may allow an attacker to run arbitrary code through the Werkzeug debugger.","error","A Flask app appears to be run in debug mode. This may allow an attacker to run arbitrary code through the debugger.","/code_row_129.py","19","5","19","23"
"Flask app is run in debug mode","Running a Flask app in debug mode may allow an attacker to run arbitrary code through the Werkzeug debugger.","error","A Flask app appears to be run in debug mode. This may allow an attacker to run arbitrary code through the debugger.","/code_row_130.py","19","5","19","23"
"Flask app is run in debug mode","Running a Flask app in debug mode may allow an attacker to run arbitrary code through the Werkzeug debugger.","error","A Flask app appears to be run in debug mode. This may allow an attacker to run arbitrary code through the debugger.","/code_row_131.py","19","5","19","23"
"Flask app is run in debug mode","Running a Flask app in debug mode may allow an attacker to run arbitrary code through the Werkzeug debugger.","error","A Flask app appears to be run in debug mode. This may allow an attacker to run arbitrary code through the debugger.","/code_row_132.py","10","5","10","23"
"Flask app is run in debug mode","Running a Flask app in debug mode may allow an attacker to run arbitrary code through the Werkzeug debugger.","error","A Flask app appears to be run in debug mode. This may allow an attacker to run arbitrary code through the debugger.","/code_row_134.py","10","5","10","23"
"Flask app is run in debug mode","Running a Flask app in debug mode may allow an attacker to run arbitrary code through the Werkzeug debugger.","error","A Flask app appears to be run in debug mode. This may allow an attacker to run arbitrary code through the debugger.","/code_row_135.py","26","5","26","23"
"Flask app is run in debug mode","Running a Flask app in debug mode may allow an attacker to run arbitrary code through the Werkzeug debugger.","error","A Flask app appears to be run in debug mode. This may allow an attacker to run arbitrary code through the debugger.","/code_row_136.py","19","5","19","23"
"Flask app is run in debug mode","Running a Flask app in debug mode may allow an attacker to run arbitrary code through the Werkzeug debugger.","error","A Flask app appears to be run in debug mode. This may allow an attacker to run arbitrary code through the debugger.","/code_row_137.py","28","5","28","23"
"Flask app is run in debug mode","Running a Flask app in debug mode may allow an attacker to run arbitrary code through the Werkzeug debugger.","error","A Flask app appears to be run in debug mode. This may allow an attacker to run arbitrary code through the debugger.","/code_row_138.py","20","5","20","23"
"Flask app is run in debug mode","Running a Flask app in debug mode may allow an attacker to run arbitrary code through the Werkzeug debugger.","error","A Flask app appears to be run in debug mode. This may allow an attacker to run arbitrary code through the debugger.","/code_row_143.py","29","5","29","23"
"Flask app is run in debug mode","Running a Flask app in debug mode may allow an attacker to run arbitrary code through the Werkzeug debugger.","error","A Flask app appears to be run in debug mode. This may allow an attacker to run arbitrary code through the debugger.","/code_row_145.py","43","5","43","23"
"Flask app is run in debug mode","Running a Flask app in debug mode may allow an attacker to run arbitrary code through the Werkzeug debugger.","error","A Flask app appears to be run in debug mode. This may allow an attacker to run arbitrary code through the debugger.","/code_row_146.py","25","5","25","23"
"Flask app is run in debug mode","Running a Flask app in debug mode may allow an attacker to run arbitrary code through the Werkzeug debugger.","error","A Flask app appears to be run in debug mode. This may allow an attacker to run arbitrary code through the debugger.","/code_row_147.py","43","5","43","23"
"Flask app is run in debug mode","Running a Flask app in debug mode may allow an attacker to run arbitrary code through the Werkzeug debugger.","error","A Flask app appears to be run in debug mode. This may allow an attacker to run arbitrary code through the debugger.","/code_row_148.py","51","5","51","23"
"Flask app is run in debug mode","Running a Flask app in debug mode may allow an attacker to run arbitrary code through the Werkzeug debugger.","error","A Flask app appears to be run in debug mode. This may allow an attacker to run arbitrary code through the debugger.","/code_row_149.py","35","5","35","23"
"Flask app is run in debug mode","Running a Flask app in debug mode may allow an attacker to run arbitrary code through the Werkzeug debugger.","error","A Flask app appears to be run in debug mode. This may allow an attacker to run arbitrary code through the debugger.","/code_row_150.py","27","5","27","23"
"Flask app is run in debug mode","Running a Flask app in debug mode may allow an attacker to run arbitrary code through the Werkzeug debugger.","error","A Flask app appears to be run in debug mode. This may allow an attacker to run arbitrary code through the debugger.","/code_row_29.py","16","5","16","23"
"Flask app is run in debug mode","Running a Flask app in debug mode may allow an attacker to run arbitrary code through the Werkzeug debugger.","error","A Flask app appears to be run in debug mode. This may allow an attacker to run arbitrary code through the debugger.","/code_row_30.py","16","5","16","23"
"Flask app is run in debug mode","Running a Flask app in debug mode may allow an attacker to run arbitrary code through the Werkzeug debugger.","error","A Flask app appears to be run in debug mode. This may allow an attacker to run arbitrary code through the debugger.","/code_row_32.py","16","5","16","23"
"Flask app is run in debug mode","Running a Flask app in debug mode may allow an attacker to run arbitrary code through the Werkzeug debugger.","error","A Flask app appears to be run in debug mode. This may allow an attacker to run arbitrary code through the debugger.","/code_row_33.py","14","5","14","23"
"Flask app is run in debug mode","Running a Flask app in debug mode may allow an attacker to run arbitrary code through the Werkzeug debugger.","error","A Flask app appears to be run in debug mode. This may allow an attacker to run arbitrary code through the debugger.","/code_row_34.py","34","5","34","23"
"Flask app is run in debug mode","Running a Flask app in debug mode may allow an attacker to run arbitrary code through the Werkzeug debugger.","error","A Flask app appears to be run in debug mode. This may allow an attacker to run arbitrary code through the debugger.","/code_row_35.py","30","5","30","23"
"Flask app is run in debug mode","Running a Flask app in debug mode may allow an attacker to run arbitrary code through the Werkzeug debugger.","error","A Flask app appears to be run in debug mode. This may allow an attacker to run arbitrary code through the debugger.","/code_row_36.py","37","5","37","23"
"Flask app is run in debug mode","Running a Flask app in debug mode may allow an attacker to run arbitrary code through the Werkzeug debugger.","error","A Flask app appears to be run in debug mode. This may allow an attacker to run arbitrary code through the debugger.","/code_row_37.py","47","5","47","23"
"Flask app is run in debug mode","Running a Flask app in debug mode may allow an attacker to run arbitrary code through the Werkzeug debugger.","error","A Flask app appears to be run in debug mode. This may allow an attacker to run arbitrary code through the debugger.","/code_row_38.py","36","5","36","23"
"Flask app is run in debug mode","Running a Flask app in debug mode may allow an attacker to run arbitrary code through the Werkzeug debugger.","error","A Flask app appears to be run in debug mode. This may allow an attacker to run arbitrary code through the debugger.","/code_row_39.py","29","5","29","23"
"Flask app is run in debug mode","Running a Flask app in debug mode may allow an attacker to run arbitrary code through the Werkzeug debugger.","error","A Flask app appears to be run in debug mode. This may allow an attacker to run arbitrary code through the debugger.","/code_row_40.py","14","5","14","23"
"Flask app is run in debug mode","Running a Flask app in debug mode may allow an attacker to run arbitrary code through the Werkzeug debugger.","error","A Flask app appears to be run in debug mode. This may allow an attacker to run arbitrary code through the debugger.","/code_row_41.py","24","5","24","23"
"Flask app is run in debug mode","Running a Flask app in debug mode may allow an attacker to run arbitrary code through the Werkzeug debugger.","error","A Flask app appears to be run in debug mode. This may allow an attacker to run arbitrary code through the debugger.","/code_row_42.py","14","5","14","23"
"Flask app is run in debug mode","Running a Flask app in debug mode may allow an attacker to run arbitrary code through the Werkzeug debugger.","error","A Flask app appears to be run in debug mode. This may allow an attacker to run arbitrary code through the debugger.","/code_row_46.py","10","5","10","23"
"Flask app is run in debug mode","Running a Flask app in debug mode may allow an attacker to run arbitrary code through the Werkzeug debugger.","error","A Flask app appears to be run in debug mode. This may allow an attacker to run arbitrary code through the debugger.","/code_row_47.py","15","5","15","23"
"Flask app is run in debug mode","Running a Flask app in debug mode may allow an attacker to run arbitrary code through the Werkzeug debugger.","error","A Flask app appears to be run in debug mode. This may allow an attacker to run arbitrary code through the debugger.","/code_row_48.py","11","5","11","23"
"Flask app is run in debug mode","Running a Flask app in debug mode may allow an attacker to run arbitrary code through the Werkzeug debugger.","error","A Flask app appears to be run in debug mode. This may allow an attacker to run arbitrary code through the debugger.","/code_row_52.py","30","5","30","23"
"Flask app is run in debug mode","Running a Flask app in debug mode may allow an attacker to run arbitrary code through the Werkzeug debugger.","error","A Flask app appears to be run in debug mode. This may allow an attacker to run arbitrary code through the debugger.","/code_row_53.py","29","5","29","23"
"Flask app is run in debug mode","Running a Flask app in debug mode may allow an attacker to run arbitrary code through the Werkzeug debugger.","error","A Flask app appears to be run in debug mode. This may allow an attacker to run arbitrary code through the debugger.","/code_row_54.py","24","5","24","23"
"Flask app is run in debug mode","Running a Flask app in debug mode may allow an attacker to run arbitrary code through the Werkzeug debugger.","error","A Flask app appears to be run in debug mode. This may allow an attacker to run arbitrary code through the debugger.","/code_row_55.py","37","5","37","23"
"Flask app is run in debug mode","Running a Flask app in debug mode may allow an attacker to run arbitrary code through the Werkzeug debugger.","error","A Flask app appears to be run in debug mode. This may allow an attacker to run arbitrary code through the debugger.","/code_row_56.py","55","5","55","23"
"Flask app is run in debug mode","Running a Flask app in debug mode may allow an attacker to run arbitrary code through the Werkzeug debugger.","error","A Flask app appears to be run in debug mode. This may allow an attacker to run arbitrary code through the debugger.","/code_row_57.py","63","5","63","23"
"Flask app is run in debug mode","Running a Flask app in debug mode may allow an attacker to run arbitrary code through the Werkzeug debugger.","error","A Flask app appears to be run in debug mode. This may allow an attacker to run arbitrary code through the debugger.","/code_row_64.py","47","5","47","23"
"Flask app is run in debug mode","Running a Flask app in debug mode may allow an attacker to run arbitrary code through the Werkzeug debugger.","error","A Flask app appears to be run in debug mode. This may allow an attacker to run arbitrary code through the debugger.","/code_row_66.py","37","5","37","23"
"Flask app is run in debug mode","Running a Flask app in debug mode may allow an attacker to run arbitrary code through the Werkzeug debugger.","error","A Flask app appears to be run in debug mode. This may allow an attacker to run arbitrary code through the debugger.","/code_row_70.py","30","5","30","23"
"Flask app is run in debug mode","Running a Flask app in debug mode may allow an attacker to run arbitrary code through the Werkzeug debugger.","error","A Flask app appears to be run in debug mode. This may allow an attacker to run arbitrary code through the debugger.","/code_row_71.py","23","5","23","23"
"Flask app is run in debug mode","Running a Flask app in debug mode may allow an attacker to run arbitrary code through the Werkzeug debugger.","error","A Flask app appears to be run in debug mode. This may allow an attacker to run arbitrary code through the debugger.","/code_row_72.py","20","5","20","23"
"Flask app is run in debug mode","Running a Flask app in debug mode may allow an attacker to run arbitrary code through the Werkzeug debugger.","error","A Flask app appears to be run in debug mode. This may allow an attacker to run arbitrary code through the debugger.","/code_row_82.py","17","5","17","23"
"Flask app is run in debug mode","Running a Flask app in debug mode may allow an attacker to run arbitrary code through the Werkzeug debugger.","error","A Flask app appears to be run in debug mode. This may allow an attacker to run arbitrary code through the debugger.","/code_row_83.py","15","5","15","23"
"Flask app is run in debug mode","Running a Flask app in debug mode may allow an attacker to run arbitrary code through the Werkzeug debugger.","error","A Flask app appears to be run in debug mode. This may allow an attacker to run arbitrary code through the debugger.","/code_row_85.py","33","5","33","23"
"Flask app is run in debug mode","Running a Flask app in debug mode may allow an attacker to run arbitrary code through the Werkzeug debugger.","error","A Flask app appears to be run in debug mode. This may allow an attacker to run arbitrary code through the debugger.","/code_row_86.py","51","5","51","23"
"Flask app is run in debug mode","Running a Flask app in debug mode may allow an attacker to run arbitrary code through the Werkzeug debugger.","error","A Flask app appears to be run in debug mode. This may allow an attacker to run arbitrary code through the debugger.","/code_row_87.py","32","5","32","23"
"Flask app is run in debug mode","Running a Flask app in debug mode may allow an attacker to run arbitrary code through the Werkzeug debugger.","error","A Flask app appears to be run in debug mode. This may allow an attacker to run arbitrary code through the debugger.","/code_row_88.py","32","5","32","23"
"Flask app is run in debug mode","Running a Flask app in debug mode may allow an attacker to run arbitrary code through the Werkzeug debugger.","error","A Flask app appears to be run in debug mode. This may allow an attacker to run arbitrary code through the debugger.","/code_row_90.py","32","5","32","23"
"Flask app is run in debug mode","Running a Flask app in debug mode may allow an attacker to run arbitrary code through the Werkzeug debugger.","error","A Flask app appears to be run in debug mode. This may allow an attacker to run arbitrary code through the debugger.","/code_row_91.py","38","5","38","23"
"Flask app is run in debug mode","Running a Flask app in debug mode may allow an attacker to run arbitrary code through the Werkzeug debugger.","error","A Flask app appears to be run in debug mode. This may allow an attacker to run arbitrary code through the debugger.","/code_row_98.py","36","5","36","23"
"Clear-text storage of sensitive information","Sensitive information stored without encryption or hashing can expose it to an attacker.","error","This expression stores [[""sensitive data (secret)""|""relative:///code_row_106.py:3:15:3:47""]] as clear text.","/code_row_106.py","7","16","7","26"
"Clear-text storage of sensitive information","Sensitive information stored without encryption or hashing can expose it to an attacker.","error","This expression stores [[""sensitive data (secret)""|""relative:///code_row_107.py:3:15:3:42""]] as clear text.","/code_row_107.py","6","16","6","26"
"Polynomial regular expression used on uncontrolled data","A regular expression that can require polynomial time to match may be vulnerable to denial-of-service attacks.","warning","This [[""regular expression""|""relative:///code_row_29.py:9:17:9:18""]] that depends on a [[""user-provided value""|""relative:///code_row_29.py:1:36:1:42""]] may run slow on strings with many repetitions of 'a'.","/code_row_29.py","10","26","10","31"
"Uncontrolled data used in path expression","Accessing paths influenced by users can allow an attacker to access unexpected resources.","error","This path depends on a [[""user-provided value""|""relative:///code_row_46.py:6:9:6:12""]].","/code_row_46.py","7","22","7","37"
"Uncontrolled data used in path expression","Accessing paths influenced by users can allow an attacker to access unexpected resources.","error","This path depends on a [[""user-provided value""|""relative:///code_row_47.py:7:17:7:24""]].","/code_row_47.py","9","23","9","58"
"Uncontrolled data used in path expression","Accessing paths influenced by users can allow an attacker to access unexpected resources.","error","This path depends on a [[""user-provided value""|""relative:///code_row_48.py:1:26:1:32""]].","/code_row_48.py","8","22","8","29"
"Uncontrolled data used in path expression","Accessing paths influenced by users can allow an attacker to access unexpected resources.","error","This path depends on a [[""user-provided value""|""relative:///code_row_64.py:2:26:2:32""]].","/code_row_64.py","28","19","28","26"
"Uncontrolled data used in path expression","Accessing paths influenced by users can allow an attacker to access unexpected resources.","error","This path depends on a [[""user-provided value""|""relative:///code_row_65.py:1:26:1:32""]].","/code_row_65.py","18","19","18","26"
"Uncontrolled data used in path expression","Accessing paths influenced by users can allow an attacker to access unexpected resources.","error","This path depends on a [[""user-provided value""|""relative:///code_row_66.py:1:26:1:32""]].","/code_row_66.py","24","23","24","64"
"Uncontrolled data used in path expression","Accessing paths influenced by users can allow an attacker to access unexpected resources.","error","This path depends on a [[""user-provided value""|""relative:///code_row_70.py:1:26:1:32""]].","/code_row_70.py","17","23","17","73"
"Uncontrolled data used in path expression","Accessing paths influenced by users can allow an attacker to access unexpected resources.","error","This path depends on a [[""user-provided value""|""relative:///code_row_71.py:1:26:1:32""]].","/code_row_71.py","10","23","10","50"
"Uncontrolled data used in path expression","Accessing paths influenced by users can allow an attacker to access unexpected resources.","error","This path depends on a [[""user-provided value""|""relative:///code_row_72.py:3:26:3:32""]].","/code_row_72.py","16","12","16","46"
"Reflected server-side cross-site scripting","Writing user input directly to a web page allows for a cross-site scripting vulnerability.","error","Cross-site scripting vulnerability due to a [[""user-provided value""|""relative:///code_row_64.py:2:26:2:32""]].","/code_row_64.py","30","16","30","61"
"Reflected server-side cross-site scripting","Writing user input directly to a web page allows for a cross-site scripting vulnerability.","error","Cross-site scripting vulnerability due to a [[""user-provided value""|""relative:///code_row_65.py:1:26:1:32""]].","/code_row_65.py","19","16","19","60"
