"URL redirection from remote source","URL redirection based on unvalidated user-input may cause redirection to malicious web sites.","error","Untrusted URL redirection depends on a [[""user-provided value""|""relative:///code_row_30/src/main/java/RedirectHandler_1.java:9:25:9:54""]].","/code_row_30/src/main/java/RedirectHandler_1.java","11","35","11","40"
"Deserialization of user-controlled data","Deserializing user-controlled data may allow attackers to execute arbitrary code.","error","Unsafe deserialization depends on a [[""user-provided value""|""relative:///code_row_84/src/main/java/WebApp_5.java:21:34:21:56""]].","/code_row_84/src/main/java/WebApp_5.java","35","40","35","63"
"Deserialization of user-controlled data","Deserializing user-controlled data may allow attackers to execute arbitrary code.","error","Unsafe deserialization depends on a [[""user-provided value""|""relative:///code_row_88/src/main/java/PriceCalculatorServlet.java:11:30:11:60""]].","/code_row_88/src/main/java/PriceCalculatorServlet.java","14","78","14","99"
"Arbitrary file access during archive extraction (""Zip Slip"")","Extracting files from a malicious ZIP file, or similar type of archive, without validating that the destination file path is within the destination directory can allow an attacker to unexpectedly gain access to resources.","error","Unsanitized archive entry, which may contain '..', is used in a [[""file system operation""|""relative:///code_row_49/src/main/java/TarGzExtractor.java:24:21:24:27""]].
Unsanitized archive entry, which may contain '..', is used in a [[""file system operation""|""relative:///code_row_49/src/main/java/TarGzExtractor.java:27:26:27:34""]].
Unsanitized archive entry, which may contain '..', is used in a [[""file system operation""|""relative:///code_row_49/src/main/java/TarGzExtractor.java:28:25:28:33""]].
Unsanitized archive entry, which may contain '..', is used in a [[""file system operation""|""relative:///code_row_49/src/main/java/TarGzExtractor.java:30:70:30:76""]].","/code_row_49/src/main/java/TarGzExtractor.java","22","58","22","72"
"Uncontrolled data used in path expression","Accessing paths influenced by users can allow an attacker to access unexpected resources.","error","This path depends on a [[""user-provided value""|""relative:///code_row_46/src/main/java/ImageServlet_2.java:13:23:13:50""]].","/code_row_46/src/main/java/ImageServlet_2.java","15","13","15","16"
"Uncontrolled data used in path expression","Accessing paths influenced by users can allow an attacker to access unexpected resources.","error","This path depends on a [[""user-provided value""|""relative:///code_row_46/src/main/java/ImageServlet_2.java:13:23:13:50""]].","/code_row_46/src/main/java/ImageServlet_2.java","16","55","16","58"
"Building a command line with string concatenation","Using concatenated strings in a command line is vulnerable to malicious insertion of special characters in the strings.","error","Command line is built with string concatenation.","/code_row_110/src/main/java/UserCommandRunner.java","17","57","17","72"
"Building a command line with string concatenation","Using concatenated strings in a command line is vulnerable to malicious insertion of special characters in the strings.","error","Command line is built with string concatenation.","/code_row_112/src/main/java/PingDecorator_1.java","14","57","14","111"
