"URL redirection from remote source","URL redirection based on unvalidated user input may cause redirection to malicious web sites.","error","Untrusted URL redirection depends on a [[""user-provided value""|""relative:///code_row_19.py:6:26:6:28""]].","/code_row_19.py","8","25","8","27"
"URL redirection from remote source","URL redirection based on unvalidated user input may cause redirection to malicious web sites.","error","Untrusted URL redirection depends on a [[""user-provided value""|""relative:///code_row_38.py:1:36:1:42""]].","/code_row_38.py","10","25","10","30"
"URL redirection from remote source","URL redirection based on unvalidated user input may cause redirection to malicious web sites.","error","Untrusted URL redirection depends on a [[""user-provided value""|""relative:///code_row_83.py:1:26:1:32""]].","/code_row_83.py","15","25","15","27"
"URL redirection from remote source","URL redirection based on unvalidated user input may cause redirection to malicious web sites.","error","Untrusted URL redirection depends on a [[""user-provided value""|""relative:///code_row_9.py:2:26:2:32""]].","/code_row_9.py","11","25","11","30"
"Use of a broken or weak cryptographic hashing algorithm on sensitive data","Using broken or weak cryptographic hashing algorithms can compromise security.","warning","[[""Sensitive data (password)""|""relative:///code_row_11.py:5:29:5:36""]] is used in a hashing algorithm (SHA256) that is insecure for password hashing, since it is not a computationally expensive hash function.","/code_row_11.py","11","30","11","53"
"Use of a broken or weak cryptographic hashing algorithm on sensitive data","Using broken or weak cryptographic hashing algorithms can compromise security.","warning","[[""Sensitive data (password)""|""relative:///code_row_11.py:17:27:17:34""]] is used in a hashing algorithm (SHA256) that is insecure for password hashing, since it is not a computationally expensive hash function.","/code_row_11.py","27","30","27","53"
"Use of a broken or weak cryptographic hashing algorithm on sensitive data","Using broken or weak cryptographic hashing algorithms can compromise security.","warning","[[""Sensitive data (password)""|""relative:///code_row_17.py:4:19:4:26""]] is used in a hashing algorithm (SHA256) that is insecure for password hashing, since it is not a computationally expensive hash function.
[[""Sensitive data (password)""|""relative:///code_row_17.py:7:29:7:36""]] is used in a hashing algorithm (SHA256) that is insecure for password hashing, since it is not a computationally expensive hash function.","/code_row_17.py","5","27","5","43"
"Use of a broken or weak cryptographic hashing algorithm on sensitive data","Using broken or weak cryptographic hashing algorithms can compromise security.","warning","[[""Sensitive data (password)""|""relative:///code_row_2.py:4:19:4:26""]] is used in a hashing algorithm (SHA256) that is insecure for password hashing, since it is not a computationally expensive hash function.
[[""Sensitive data (password)""|""relative:///code_row_2.py:7:29:7:36""]] is used in a hashing algorithm (SHA256) that is insecure for password hashing, since it is not a computationally expensive hash function.","/code_row_2.py","5","27","5","43"
"Use of a broken or weak cryptographic hashing algorithm on sensitive data","Using broken or weak cryptographic hashing algorithms can compromise security.","warning","[[""Sensitive data (password)""|""relative:///code_row_31.py:3:19:3:26""]] is used in a hashing algorithm (SHA256) that is insecure for password hashing, since it is not a computationally expensive hash function.
[[""Sensitive data (password)""|""relative:///code_row_31.py:8:16:8:45""]] is used in a hashing algorithm (SHA256) that is insecure for password hashing, since it is not a computationally expensive hash function.","/code_row_31.py","4","27","4","43"
"Use of a broken or weak cryptographic hashing algorithm on sensitive data","Using broken or weak cryptographic hashing algorithms can compromise security.","warning","[[""Sensitive data (password)""|""relative:///code_row_94.py:4:19:4:26""]] is used in a hashing algorithm (SHA256) that is insecure for password hashing, since it is not a computationally expensive hash function.
[[""Sensitive data (password)""|""relative:///code_row_94.py:7:29:7:36""]] is used in a hashing algorithm (SHA256) that is insecure for password hashing, since it is not a computationally expensive hash function.","/code_row_94.py","5","27","5","43"
"Server Side Template Injection","Using user-controlled data to create a template can lead to remote code execution or cross site scripting.","error","This template construction depends on a [[""user-provided value""|""relative:///code_row_6.py:1:26:1:32""]].","/code_row_6.py","49","39","49","128"
"Incomplete URL substring sanitization","Security checks on the substrings of an unparsed URL are often vulnerable to bypassing.","warning","The string [[""example.com""|""relative:///code_row_19.py:7:8:7:20""]] may be at an arbitrary position in the sanitized URL.","/code_row_19.py","7","8","7","27"
"Incomplete URL substring sanitization","Security checks on the substrings of an unparsed URL are often vulnerable to bypassing.","warning","The string [[""example.com""|""relative:///code_row_83.py:6:12:6:24""]] may be at an arbitrary position in the sanitized URL.","/code_row_83.py","6","12","6","31"
"Flask app is run in debug mode","Running a Flask app in debug mode may allow an attacker to run arbitrary code through the Werkzeug debugger.","error","A Flask app appears to be run in debug mode. This may allow an attacker to run arbitrary code through the debugger.","/code_row_102.py","14","5","14","23"
"Flask app is run in debug mode","Running a Flask app in debug mode may allow an attacker to run arbitrary code through the Werkzeug debugger.","error","A Flask app appears to be run in debug mode. This may allow an attacker to run arbitrary code through the debugger.","/code_row_103.py","11","5","11","23"
"Flask app is run in debug mode","Running a Flask app in debug mode may allow an attacker to run arbitrary code through the Werkzeug debugger.","error","A Flask app appears to be run in debug mode. This may allow an attacker to run arbitrary code through the debugger.","/code_row_105.py","37","5","37","23"
"Flask app is run in debug mode","Running a Flask app in debug mode may allow an attacker to run arbitrary code through the Werkzeug debugger.","error","A Flask app appears to be run in debug mode. This may allow an attacker to run arbitrary code through the debugger.","/code_row_14.py","36","5","36","23"
"Flask app is run in debug mode","Running a Flask app in debug mode may allow an attacker to run arbitrary code through the Werkzeug debugger.","error","A Flask app appears to be run in debug mode. This may allow an attacker to run arbitrary code through the debugger.","/code_row_19.py","13","5","13","23"
"Flask app is run in debug mode","Running a Flask app in debug mode may allow an attacker to run arbitrary code through the Werkzeug debugger.","error","A Flask app appears to be run in debug mode. This may allow an attacker to run arbitrary code through the debugger.","/code_row_21.py","39","5","39","23"
"Flask app is run in debug mode","Running a Flask app in debug mode may allow an attacker to run arbitrary code through the Werkzeug debugger.","error","A Flask app appears to be run in debug mode. This may allow an attacker to run arbitrary code through the debugger.","/code_row_22.py","26","5","26","23"
"Flask app is run in debug mode","Running a Flask app in debug mode may allow an attacker to run arbitrary code through the Werkzeug debugger.","error","A Flask app appears to be run in debug mode. This may allow an attacker to run arbitrary code through the debugger.","/code_row_24.py","15","5","15","23"
"Flask app is run in debug mode","Running a Flask app in debug mode may allow an attacker to run arbitrary code through the Werkzeug debugger.","error","A Flask app appears to be run in debug mode. This may allow an attacker to run arbitrary code through the debugger.","/code_row_27.py","40","5","40","23"
"Flask app is run in debug mode","Running a Flask app in debug mode may allow an attacker to run arbitrary code through the Werkzeug debugger.","error","A Flask app appears to be run in debug mode. This may allow an attacker to run arbitrary code through the debugger.","/code_row_30.py","32","5","32","23"
"Flask app is run in debug mode","Running a Flask app in debug mode may allow an attacker to run arbitrary code through the Werkzeug debugger.","error","A Flask app appears to be run in debug mode. This may allow an attacker to run arbitrary code through the debugger.","/code_row_32.py","15","5","15","23"
"Flask app is run in debug mode","Running a Flask app in debug mode may allow an attacker to run arbitrary code through the Werkzeug debugger.","error","A Flask app appears to be run in debug mode. This may allow an attacker to run arbitrary code through the debugger.","/code_row_33.py","28","5","28","23"
"Flask app is run in debug mode","Running a Flask app in debug mode may allow an attacker to run arbitrary code through the Werkzeug debugger.","error","A Flask app appears to be run in debug mode. This may allow an attacker to run arbitrary code through the debugger.","/code_row_34.py","19","5","19","23"
"Flask app is run in debug mode","Running a Flask app in debug mode may allow an attacker to run arbitrary code through the Werkzeug debugger.","error","A Flask app appears to be run in debug mode. This may allow an attacker to run arbitrary code through the debugger.","/code_row_37.py","19","5","19","23"
"Flask app is run in debug mode","Running a Flask app in debug mode may allow an attacker to run arbitrary code through the Werkzeug debugger.","error","A Flask app appears to be run in debug mode. This may allow an attacker to run arbitrary code through the debugger.","/code_row_39.py","39","5","39","23"
"Flask app is run in debug mode","Running a Flask app in debug mode may allow an attacker to run arbitrary code through the Werkzeug debugger.","error","A Flask app appears to be run in debug mode. This may allow an attacker to run arbitrary code through the debugger.","/code_row_5.py","10","5","10","23"
"Flask app is run in debug mode","Running a Flask app in debug mode may allow an attacker to run arbitrary code through the Werkzeug debugger.","error","A Flask app appears to be run in debug mode. This may allow an attacker to run arbitrary code through the debugger.","/code_row_51.py","26","5","26","23"
"Flask app is run in debug mode","Running a Flask app in debug mode may allow an attacker to run arbitrary code through the Werkzeug debugger.","error","A Flask app appears to be run in debug mode. This may allow an attacker to run arbitrary code through the debugger.","/code_row_52.py","37","5","37","23"
"Flask app is run in debug mode","Running a Flask app in debug mode may allow an attacker to run arbitrary code through the Werkzeug debugger.","error","A Flask app appears to be run in debug mode. This may allow an attacker to run arbitrary code through the debugger.","/code_row_58.py","41","5","41","23"
"Flask app is run in debug mode","Running a Flask app in debug mode may allow an attacker to run arbitrary code through the Werkzeug debugger.","error","A Flask app appears to be run in debug mode. This may allow an attacker to run arbitrary code through the debugger.","/code_row_6.py","62","5","62","23"
"Flask app is run in debug mode","Running a Flask app in debug mode may allow an attacker to run arbitrary code through the Werkzeug debugger.","error","A Flask app appears to be run in debug mode. This may allow an attacker to run arbitrary code through the debugger.","/code_row_69.py","12","5","12","23"
"Flask app is run in debug mode","Running a Flask app in debug mode may allow an attacker to run arbitrary code through the Werkzeug debugger.","error","A Flask app appears to be run in debug mode. This may allow an attacker to run arbitrary code through the debugger.","/code_row_70.py","28","5","28","23"
"Flask app is run in debug mode","Running a Flask app in debug mode may allow an attacker to run arbitrary code through the Werkzeug debugger.","error","A Flask app appears to be run in debug mode. This may allow an attacker to run arbitrary code through the debugger.","/code_row_71.py","59","5","59","23"
"Flask app is run in debug mode","Running a Flask app in debug mode may allow an attacker to run arbitrary code through the Werkzeug debugger.","error","A Flask app appears to be run in debug mode. This may allow an attacker to run arbitrary code through the debugger.","/code_row_80.py","26","5","26","23"
"Flask app is run in debug mode","Running a Flask app in debug mode may allow an attacker to run arbitrary code through the Werkzeug debugger.","error","A Flask app appears to be run in debug mode. This may allow an attacker to run arbitrary code through the debugger.","/code_row_82.py","28","5","28","23"
"Flask app is run in debug mode","Running a Flask app in debug mode may allow an attacker to run arbitrary code through the Werkzeug debugger.","error","A Flask app appears to be run in debug mode. This may allow an attacker to run arbitrary code through the debugger.","/code_row_83.py","20","5","20","23"
"Flask app is run in debug mode","Running a Flask app in debug mode may allow an attacker to run arbitrary code through the Werkzeug debugger.","error","A Flask app appears to be run in debug mode. This may allow an attacker to run arbitrary code through the debugger.","/code_row_85.py","38","5","38","23"
"Flask app is run in debug mode","Running a Flask app in debug mode may allow an attacker to run arbitrary code through the Werkzeug debugger.","error","A Flask app appears to be run in debug mode. This may allow an attacker to run arbitrary code through the debugger.","/code_row_87.py","13","5","13","23"
"Flask app is run in debug mode","Running a Flask app in debug mode may allow an attacker to run arbitrary code through the Werkzeug debugger.","error","A Flask app appears to be run in debug mode. This may allow an attacker to run arbitrary code through the debugger.","/code_row_88.py","26","5","26","23"
"Flask app is run in debug mode","Running a Flask app in debug mode may allow an attacker to run arbitrary code through the Werkzeug debugger.","error","A Flask app appears to be run in debug mode. This may allow an attacker to run arbitrary code through the debugger.","/code_row_93.py","19","5","19","23"
"Flask app is run in debug mode","Running a Flask app in debug mode may allow an attacker to run arbitrary code through the Werkzeug debugger.","error","A Flask app appears to be run in debug mode. This may allow an attacker to run arbitrary code through the debugger.","/code_row_97.py","23","5","23","23"
"Flask app is run in debug mode","Running a Flask app in debug mode may allow an attacker to run arbitrary code through the Werkzeug debugger.","error","A Flask app appears to be run in debug mode. This may allow an attacker to run arbitrary code through the debugger.","/code_row_98.py","30","5","30","23"
"Clear-text storage of sensitive information","Sensitive information stored without encryption or hashing can expose it to an attacker.","error","This expression stores [[""sensitive data (secret)""|""relative:///code_row_95.py:3:15:3:40""]] as clear text.","/code_row_95.py","7","16","7","26"
"Polynomial regular expression used on uncontrolled data","A regular expression that can require polynomial time to match may be vulnerable to denial-of-service attacks.","warning","This [[""regular expression""|""relative:///code_row_38.py:9:28:9:29""]] that depends on a [[""user-provided value""|""relative:///code_row_38.py:1:36:1:42""]] may run slow on strings starting with 'http://' and with many repetitions of 'http://'.","/code_row_38.py","9","46","9","51"
"Uncontrolled data used in path expression","Accessing paths influenced by users can allow an attacker to access unexpected resources.","error","This path depends on a [[""user-provided value""|""relative:///code_row_100.py:1:26:1:32""]].","/code_row_100.py","18","19","18","55"
"Uncontrolled data used in path expression","Accessing paths influenced by users can allow an attacker to access unexpected resources.","error","This path depends on a [[""user-provided value""|""relative:///code_row_33.py:1:26:1:32""]].","/code_row_33.py","20","19","20","69"
"Uncontrolled data used in path expression","Accessing paths influenced by users can allow an attacker to access unexpected resources.","error","This path depends on a [[""user-provided value""|""relative:///code_row_49.py:6:9:6:12""]].","/code_row_49.py","7","22","7","37"
"Uncontrolled data used in path expression","Accessing paths influenced by users can allow an attacker to access unexpected resources.","error","This path depends on a [[""user-provided value""|""relative:///code_row_70.py:1:26:1:32""]].","/code_row_70.py","18","19","18","26"
"Reflected server-side cross-site scripting","Writing user input directly to a web page allows for a cross-site scripting vulnerability.","error","Cross-site scripting vulnerability due to a [[""user-provided value""|""relative:///code_row_100.py:1:26:1:32""]].","/code_row_100.py","19","16","19","65"
"Reflected server-side cross-site scripting","Writing user input directly to a web page allows for a cross-site scripting vulnerability.","error","Cross-site scripting vulnerability due to a [[""user-provided value""|""relative:///code_row_102.py:1:26:1:32""]].","/code_row_102.py","9","16","9","27"
"Reflected server-side cross-site scripting","Writing user input directly to a web page allows for a cross-site scripting vulnerability.","error","Cross-site scripting vulnerability due to a [[""user-provided value""|""relative:///code_row_33.py:1:26:1:32""]].","/code_row_33.py","21","16","21","65"
"Reflected server-side cross-site scripting","Writing user input directly to a web page allows for a cross-site scripting vulnerability.","error","Cross-site scripting vulnerability due to a [[""user-provided value""|""relative:///code_row_39.py:31:15:31:22""]].","/code_row_39.py","32","12","32","38"
"Reflected server-side cross-site scripting","Writing user input directly to a web page allows for a cross-site scripting vulnerability.","error","Cross-site scripting vulnerability due to a [[""user-provided value""|""relative:///code_row_6.py:1:26:1:32""]].","/code_row_6.py","49","16","49","129"
