Row,Combination,Features,Column,C,Java,Delta,Delta %,Direction
0,"Granularity=chunk, Sentence Index=0",2,Result,25,56,+31,+124.00%,↑
0,"Granularity=chunk, Sentence Index=0",2,Frequency,2.22%,4.96%,+2.74%,+123.42%,↑
1,"Granularity=chunk, Sentence Index=0, Syntagm Type=ADJP",3,Result,1,0,-1,-100.00%,↓
1,"Granularity=chunk, Sentence Index=0, Syntagm Type=ADJP",3,Frequency,25.00%,0.00%,-25.00%,-100.00%,↓
2,"Granularity=chunk, Sentence Index=0, Syntagm Type=ADVP",3,Result,0,1,+1,+100.00%,↑
2,"Granularity=chunk, Sentence Index=0, Syntagm Type=ADVP",3,Frequency,0.00%,33.33%,+33.33%,+100.00%,↑
3,"Granularity=chunk, Sentence Index=0, Syntagm Type=NP",3,Result,3,11,+8,+266.67%,↑
3,"Granularity=chunk, Sentence Index=0, Syntagm Type=NP",3,Frequency,1.14%,4.18%,+3.04%,+266.67%,↑
4,"Granularity=chunk, Sentence Index=0, Syntagm Type=PP",3,Result,9,28,+19,+211.11%,↑
4,"Granularity=chunk, Sentence Index=0, Syntagm Type=PP",3,Frequency,1.78%,5.53%,+3.75%,+210.67%,↑
5,"Granularity=chunk, Sentence Index=0, Syntagm Type=SBAR",3,Result,0,1,+1,+100.00%,↑
5,"Granularity=chunk, Sentence Index=0, Syntagm Type=SBAR",3,Frequency,0.00%,3.45%,+3.45%,+100.00%,↑
6,"Granularity=chunk, Sentence Index=0, Syntagm Type=VP",3,Result,12,15,+3,+25.00%,↑
6,"Granularity=chunk, Sentence Index=0, Syntagm Type=VP",3,Frequency,3.72%,4.64%,+0.92%,+24.73%,↑
7,"Granularity=chunk, Sentence Index=1",2,Result,5,6,+1,+20.00%,↑
7,"Granularity=chunk, Sentence Index=1",2,Frequency,2.49%,2.99%,+0.50%,+20.08%,↑
8,"Granularity=chunk, Sentence Index=1, Syntagm Type=NP",3,Result,0,0,0,0.00%,=
8,"Granularity=chunk, Sentence Index=1, Syntagm Type=NP",3,Frequency,0.00%,0.00%,0.00%,0.00%,=
9,"Granularity=chunk, Sentence Index=1, Syntagm Type=PP",3,Result,2,1,-1,-50.00%,↓
9,"Granularity=chunk, Sentence Index=1, Syntagm Type=PP",3,Frequency,3.12%,1.56%,-1.56%,-50.00%,↓
10,"Granularity=chunk, Sentence Index=1, Syntagm Type=SBAR",3,Result,0,2,+2,+100.00%,↑
10,"Granularity=chunk, Sentence Index=1, Syntagm Type=SBAR",3,Frequency,0.00%,28.57%,+28.57%,+100.00%,↑
11,"Granularity=chunk, Sentence Index=1, Syntagm Type=VP",3,Result,3,3,0,0.00%,=
11,"Granularity=chunk, Sentence Index=1, Syntagm Type=VP",3,Frequency,2.86%,2.86%,0.00%,0.00%,=
12,"Granularity=chunk, Sentence Index=2",2,Result,1,4,+3,+300.00%,↑
12,"Granularity=chunk, Sentence Index=2",2,Frequency,0.63%,2.52%,+1.89%,+300.00%,↑
13,"Granularity=chunk, Sentence Index=2, Syntagm Type=ADJP",3,Result,0,0,0,0.00%,=
13,"Granularity=chunk, Sentence Index=2, Syntagm Type=ADJP",3,Frequency,0.00%,0.00%,0.00%,0.00%,=
14,"Granularity=chunk, Sentence Index=2, Syntagm Type=NP",3,Result,0,2,+2,+100.00%,↑
14,"Granularity=chunk, Sentence Index=2, Syntagm Type=NP",3,Frequency,0.00%,7.14%,+7.14%,+100.00%,↑
15,"Granularity=chunk, Sentence Index=2, Syntagm Type=PP",3,Result,0,2,+2,+100.00%,↑
15,"Granularity=chunk, Sentence Index=2, Syntagm Type=PP",3,Frequency,0.00%,4.65%,+4.65%,+100.00%,↑
16,"Granularity=chunk, Sentence Index=2, Syntagm Type=SBAR",3,Result,0,0,0,0.00%,=
16,"Granularity=chunk, Sentence Index=2, Syntagm Type=SBAR",3,Frequency,0.00%,0.00%,0.00%,0.00%,=
17,"Granularity=chunk, Sentence Index=2, Syntagm Type=VP",3,Result,1,0,-1,-100.00%,↓
17,"Granularity=chunk, Sentence Index=2, Syntagm Type=VP",3,Frequency,1.20%,0.00%,-1.20%,-100.00%,↓
18,"Granularity=chunk, Sentence Index=3",2,Result,0,4,+4,+100.00%,↑
18,"Granularity=chunk, Sentence Index=3",2,Frequency,0.00%,5.00%,+5.00%,+100.00%,↑
19,"Granularity=chunk, Sentence Index=3, Syntagm Type=ADJP",3,Result,0,0,0,0.00%,=
19,"Granularity=chunk, Sentence Index=3, Syntagm Type=ADJP",3,Frequency,0.00%,0.00%,0.00%,0.00%,=
20,"Granularity=chunk, Sentence Index=3, Syntagm Type=NP",3,Result,0,0,0,0.00%,=
20,"Granularity=chunk, Sentence Index=3, Syntagm Type=NP",3,Frequency,0.00%,0.00%,0.00%,0.00%,=
21,"Granularity=chunk, Sentence Index=3, Syntagm Type=PP",3,Result,0,1,+1,+100.00%,↑
21,"Granularity=chunk, Sentence Index=3, Syntagm Type=PP",3,Frequency,0.00%,4.55%,+4.55%,+100.00%,↑
22,"Granularity=chunk, Sentence Index=3, Syntagm Type=SBAR",3,Result,0,0,0,0.00%,=
22,"Granularity=chunk, Sentence Index=3, Syntagm Type=SBAR",3,Frequency,0.00%,0.00%,0.00%,0.00%,=
23,"Granularity=chunk, Sentence Index=3, Syntagm Type=VP",3,Result,0,3,+3,+100.00%,↑
23,"Granularity=chunk, Sentence Index=3, Syntagm Type=VP",3,Frequency,0.00%,8.11%,+8.11%,+100.00%,↑
24,"Granularity=chunk, Sentence Index=4",2,Result,0,0,0,0.00%,=
24,"Granularity=chunk, Sentence Index=4",2,Frequency,0.00%,0.00%,0.00%,0.00%,=
25,"Granularity=chunk, Sentence Index=4, Syntagm Type=ADJP",3,Result,0,0,0,0.00%,=
25,"Granularity=chunk, Sentence Index=4, Syntagm Type=ADJP",3,Frequency,0.00%,0.00%,0.00%,0.00%,=
26,"Granularity=chunk, Sentence Index=4, Syntagm Type=ADVP",3,Result,0,0,0,0.00%,=
26,"Granularity=chunk, Sentence Index=4, Syntagm Type=ADVP",3,Frequency,0.00%,0.00%,0.00%,0.00%,=
27,"Granularity=chunk, Sentence Index=4, Syntagm Type=NP",3,Result,0,0,0,0.00%,=
27,"Granularity=chunk, Sentence Index=4, Syntagm Type=NP",3,Frequency,0.00%,0.00%,0.00%,0.00%,=
28,"Granularity=chunk, Sentence Index=4, Syntagm Type=PP",3,Result,0,0,0,0.00%,=
28,"Granularity=chunk, Sentence Index=4, Syntagm Type=PP",3,Frequency,0.00%,0.00%,0.00%,0.00%,=
29,"Granularity=chunk, Sentence Index=4, Syntagm Type=SBAR",3,Result,0,0,0,0.00%,=
29,"Granularity=chunk, Sentence Index=4, Syntagm Type=SBAR",3,Frequency,0.00%,0.00%,0.00%,0.00%,=
30,"Granularity=chunk, Sentence Index=4, Syntagm Type=VP",3,Result,0,0,0,0.00%,=
30,"Granularity=chunk, Sentence Index=4, Syntagm Type=VP",3,Frequency,0.00%,0.00%,0.00%,0.00%,=
31,"Granularity=chunk, Sentence Index=5",2,Result,0,0,0,0.00%,=
31,"Granularity=chunk, Sentence Index=5",2,Frequency,0.00%,0.00%,0.00%,0.00%,=
32,"Granularity=chunk, Sentence Index=5, Syntagm Type=PP",3,Result,0,0,0,0.00%,=
32,"Granularity=chunk, Sentence Index=5, Syntagm Type=PP",3,Frequency,0.00%,0.00%,0.00%,0.00%,=
33,"Granularity=chunk, Sentence Index=5, Syntagm Type=VP",3,Result,0,0,0,0.00%,=
33,"Granularity=chunk, Sentence Index=5, Syntagm Type=VP",3,Frequency,0.00%,0.00%,0.00%,0.00%,=
34,"Granularity=chunk, Sentence Index=6",2,Result,0,0,0,0.00%,=
34,"Granularity=chunk, Sentence Index=6",2,Frequency,0.00%,0.00%,0.00%,0.00%,=
35,"Granularity=chunk, Sentence Index=6, Syntagm Type=PP",3,Result,0,0,0,0.00%,=
35,"Granularity=chunk, Sentence Index=6, Syntagm Type=PP",3,Frequency,0.00%,0.00%,0.00%,0.00%,=
36,"Granularity=chunk, Sentence Index=6, Syntagm Type=VP",3,Result,0,0,0,0.00%,=
36,"Granularity=chunk, Sentence Index=6, Syntagm Type=VP",3,Frequency,0.00%,0.00%,0.00%,0.00%,=
37,"Granularity=chunk, Sentence Index=7",2,Result,0,0,0,0.00%,=
37,"Granularity=chunk, Sentence Index=7",2,Frequency,0.00%,0.00%,0.00%,0.00%,=
38,"Granularity=chunk, Sentence Index=7, Syntagm Type=VP",3,Result,0,0,0,0.00%,=
38,"Granularity=chunk, Sentence Index=7, Syntagm Type=VP",3,Frequency,0.00%,0.00%,0.00%,0.00%,=
39,"Granularity=chunk, Sentence Index=8",2,Result,0,0,0,0.00%,=
39,"Granularity=chunk, Sentence Index=8",2,Frequency,0.00%,0.00%,0.00%,0.00%,=
40,"Granularity=chunk, Sentence Index=8, Syntagm Type=VP",3,Result,0,0,0,0.00%,=
40,"Granularity=chunk, Sentence Index=8, Syntagm Type=VP",3,Frequency,0.00%,0.00%,0.00%,0.00%,=
41,"Granularity=chunk, Sentence Index=9",2,Result,0,0,0,0.00%,=
41,"Granularity=chunk, Sentence Index=9",2,Frequency,0.00%,0.00%,0.00%,0.00%,=
42,"Granularity=chunk, Sentence Index=9, Syntagm Type=VP",3,Result,0,0,0,0.00%,=
42,"Granularity=chunk, Sentence Index=9, Syntagm Type=VP",3,Frequency,0.00%,0.00%,0.00%,0.00%,=
43,"Granularity=chunk, Syntagm Type=ADJP",2,Result,1,0,-1,-100.00%,↓
43,"Granularity=chunk, Syntagm Type=ADJP",2,Frequency,14.29%,0.00%,-14.29%,-100.00%,↓
44,"Granularity=chunk, Syntagm Type=ADVP",2,Result,0,1,+1,+100.00%,↑
44,"Granularity=chunk, Syntagm Type=ADVP",2,Frequency,0.00%,25.00%,+25.00%,+100.00%,↑
45,"Granularity=chunk, Syntagm Type=NP",2,Result,3,13,+10,+333.33%,↑
45,"Granularity=chunk, Syntagm Type=NP",2,Frequency,0.89%,3.87%,+2.98%,+334.83%,↑
46,"Granularity=chunk, Syntagm Type=PP",2,Result,11,32,+21,+190.91%,↑
46,"Granularity=chunk, Syntagm Type=PP",2,Frequency,1.71%,4.98%,+3.27%,+191.23%,↑
47,"Granularity=chunk, Syntagm Type=SBAR",2,Result,0,3,+3,+100.00%,↑
47,"Granularity=chunk, Syntagm Type=SBAR",2,Frequency,0.00%,7.14%,+7.14%,+100.00%,↑
48,"Granularity=chunk, Syntagm Type=VP",2,Result,16,21,+5,+31.25%,↑
48,"Granularity=chunk, Syntagm Type=VP",2,Frequency,2.75%,3.61%,+0.86%,+31.27%,↑
49,"Granularity=clause, Sentence Index=0",2,Result,1,0,-1,-100.00%,↓
49,"Granularity=clause, Sentence Index=0",2,Frequency,1.82%,0.00%,-1.82%,-100.00%,↓
50,"Granularity=clause, Sentence Index=0, Syntagm Type=SBAR",3,Result,1,0,-1,-100.00%,↓
50,"Granularity=clause, Sentence Index=0, Syntagm Type=SBAR",3,Frequency,1.82%,0.00%,-1.82%,-100.00%,↓
51,"Granularity=clause, Sentence Index=1",2,Result,0,0,0,0.00%,=
51,"Granularity=clause, Sentence Index=1",2,Frequency,0.00%,0.00%,0.00%,0.00%,=
52,"Granularity=clause, Sentence Index=1, Syntagm Type=SBAR",3,Result,0,0,0,0.00%,=
52,"Granularity=clause, Sentence Index=1, Syntagm Type=SBAR",3,Frequency,0.00%,0.00%,0.00%,0.00%,=
53,"Granularity=clause, Sentence Index=2",2,Result,0,0,0,0.00%,=
53,"Granularity=clause, Sentence Index=2",2,Frequency,0.00%,0.00%,0.00%,0.00%,=
54,"Granularity=clause, Sentence Index=2, Syntagm Type=SBAR",3,Result,0,0,0,0.00%,=
54,"Granularity=clause, Sentence Index=2, Syntagm Type=SBAR",3,Frequency,0.00%,0.00%,0.00%,0.00%,=
55,"Granularity=clause, Sentence Index=3",2,Result,0,0,0,0.00%,=
55,"Granularity=clause, Sentence Index=3",2,Frequency,0.00%,0.00%,0.00%,0.00%,=
56,"Granularity=clause, Sentence Index=3, Syntagm Type=SBAR",3,Result,0,0,0,0.00%,=
56,"Granularity=clause, Sentence Index=3, Syntagm Type=SBAR",3,Frequency,0.00%,0.00%,0.00%,0.00%,=
57,"Granularity=clause, Syntagm Type=SBAR",2,Result,1,0,-1,-100.00%,↓
57,"Granularity=clause, Syntagm Type=SBAR",2,Frequency,1.39%,0.00%,-1.39%,-100.00%,↓
58,"Granularity=minimal, Sentence Index=0",2,Result,37,86,+49,+132.43%,↑
58,"Granularity=minimal, Sentence Index=0",2,Frequency,2.00%,4.66%,+2.66%,+133.00%,↑
59,"Granularity=minimal, Sentence Index=0, Syntagm Type=ADJP",3,Result,1,1,0,0.00%,=
59,"Granularity=minimal, Sentence Index=0, Syntagm Type=ADJP",3,Frequency,5.26%,5.26%,0.00%,0.00%,=
60,"Granularity=minimal, Sentence Index=0, Syntagm Type=ADVP",3,Result,0,1,+1,+100.00%,↑
60,"Granularity=minimal, Sentence Index=0, Syntagm Type=ADVP",3,Frequency,0.00%,3.57%,+3.57%,+100.00%,↑
61,"Granularity=minimal, Sentence Index=0, Syntagm Type=CONJP",3,Result,0,0,0,0.00%,=
61,"Granularity=minimal, Sentence Index=0, Syntagm Type=CONJP",3,Frequency,0.00%,0.00%,0.00%,0.00%,=
62,"Granularity=minimal, Sentence Index=0, Syntagm Type=INTJ",3,Result,0,0,0,0.00%,=
62,"Granularity=minimal, Sentence Index=0, Syntagm Type=INTJ",3,Frequency,0.00%,0.00%,0.00%,0.00%,=
63,"Granularity=minimal, Sentence Index=0, Syntagm Type=NP",3,Result,32,67,+35,+109.38%,↑
63,"Granularity=minimal, Sentence Index=0, Syntagm Type=NP",3,Frequency,2.12%,4.43%,+2.31%,+108.96%,↑
64,"Granularity=minimal, Sentence Index=0, Syntagm Type=PP",3,Result,0,0,0,0.00%,=
64,"Granularity=minimal, Sentence Index=0, Syntagm Type=PP",3,Frequency,0.00%,0.00%,0.00%,0.00%,=
65,"Granularity=minimal, Sentence Index=0, Syntagm Type=PRT",3,Result,0,1,+1,+100.00%,↑
65,"Granularity=minimal, Sentence Index=0, Syntagm Type=PRT",3,Frequency,0.00%,6.67%,+6.67%,+100.00%,↑
66,"Granularity=minimal, Sentence Index=0, Syntagm Type=QP",3,Result,0,0,0,0.00%,=
66,"Granularity=minimal, Sentence Index=0, Syntagm Type=QP",3,Frequency,0.00%,0.00%,0.00%,0.00%,=
67,"Granularity=minimal, Sentence Index=0, Syntagm Type=SBAR",3,Result,1,8,+7,+700.00%,↑
67,"Granularity=minimal, Sentence Index=0, Syntagm Type=SBAR",3,Frequency,1.02%,8.16%,+7.14%,+700.00%,↑
68,"Granularity=minimal, Sentence Index=0, Syntagm Type=VP",3,Result,1,2,+1,+100.00%,↑
68,"Granularity=minimal, Sentence Index=0, Syntagm Type=VP",3,Frequency,1.59%,3.17%,+1.58%,+99.37%,↑
69,"Granularity=minimal, Sentence Index=0, Syntagm Type=WHADVP",3,Result,0,1,+1,+100.00%,↑
69,"Granularity=minimal, Sentence Index=0, Syntagm Type=WHADVP",3,Frequency,0.00%,5.26%,+5.26%,+100.00%,↑
70,"Granularity=minimal, Sentence Index=0, Syntagm Type=WHNP",3,Result,2,5,+3,+150.00%,↑
70,"Granularity=minimal, Sentence Index=0, Syntagm Type=WHNP",3,Frequency,2.63%,6.58%,+3.95%,+150.19%,↑
71,"Granularity=minimal, Sentence Index=1",2,Result,15,18,+3,+20.00%,↑
71,"Granularity=minimal, Sentence Index=1",2,Frequency,4.50%,5.41%,+0.91%,+20.22%,↑
72,"Granularity=minimal, Sentence Index=1, Syntagm Type=ADJP",3,Result,0,0,0,0.00%,=
72,"Granularity=minimal, Sentence Index=1, Syntagm Type=ADJP",3,Frequency,0.00%,0.00%,0.00%,0.00%,=
73,"Granularity=minimal, Sentence Index=1, Syntagm Type=ADVP",3,Result,3,1,-2,-66.67%,↓
73,"Granularity=minimal, Sentence Index=1, Syntagm Type=ADVP",3,Frequency,37.50%,12.50%,-25.00%,-66.67%,↓
74,"Granularity=minimal, Sentence Index=1, Syntagm Type=NP",3,Result,10,13,+3,+30.00%,↑
74,"Granularity=minimal, Sentence Index=1, Syntagm Type=NP",3,Frequency,3.88%,5.04%,+1.16%,+29.90%,↑
75,"Granularity=minimal, Sentence Index=1, Syntagm Type=PP",3,Result,0,0,0,0.00%,=
75,"Granularity=minimal, Sentence Index=1, Syntagm Type=PP",3,Frequency,0.00%,0.00%,0.00%,0.00%,=
76,"Granularity=minimal, Sentence Index=1, Syntagm Type=PRT",3,Result,0,0,0,0.00%,=
76,"Granularity=minimal, Sentence Index=1, Syntagm Type=PRT",3,Frequency,0.00%,0.00%,0.00%,0.00%,=
77,"Granularity=minimal, Sentence Index=1, Syntagm Type=SBAR",3,Result,0,3,+3,+100.00%,↑
77,"Granularity=minimal, Sentence Index=1, Syntagm Type=SBAR",3,Frequency,0.00%,12.00%,+12.00%,+100.00%,↑
78,"Granularity=minimal, Sentence Index=1, Syntagm Type=VP",3,Result,0,0,0,0.00%,=
78,"Granularity=minimal, Sentence Index=1, Syntagm Type=VP",3,Frequency,0.00%,0.00%,0.00%,0.00%,=
79,"Granularity=minimal, Sentence Index=1, Syntagm Type=WHADVP",3,Result,0,0,0,0.00%,=
79,"Granularity=minimal, Sentence Index=1, Syntagm Type=WHADVP",3,Frequency,0.00%,0.00%,0.00%,0.00%,=
80,"Granularity=minimal, Sentence Index=1, Syntagm Type=WHNP",3,Result,2,1,-1,-50.00%,↓
80,"Granularity=minimal, Sentence Index=1, Syntagm Type=WHNP",3,Frequency,25.00%,12.50%,-12.50%,-50.00%,↓
81,"Granularity=minimal, Sentence Index=2",2,Result,4,14,+10,+250.00%,↑
81,"Granularity=minimal, Sentence Index=2",2,Frequency,1.57%,5.51%,+3.94%,+250.96%,↑
82,"Granularity=minimal, Sentence Index=2, Syntagm Type=ADJP",3,Result,0,0,0,0.00%,=
82,"Granularity=minimal, Sentence Index=2, Syntagm Type=ADJP",3,Frequency,0.00%,0.00%,0.00%,0.00%,=
83,"Granularity=minimal, Sentence Index=2, Syntagm Type=ADVP",3,Result,0,0,0,0.00%,=
83,"Granularity=minimal, Sentence Index=2, Syntagm Type=ADVP",3,Frequency,0.00%,0.00%,0.00%,0.00%,=
84,"Granularity=minimal, Sentence Index=2, Syntagm Type=NP",3,Result,4,11,+7,+175.00%,↑
84,"Granularity=minimal, Sentence Index=2, Syntagm Type=NP",3,Frequency,2.12%,5.82%,+3.70%,+174.53%,↑
85,"Granularity=minimal, Sentence Index=2, Syntagm Type=PP",3,Result,0,0,0,0.00%,=
85,"Granularity=minimal, Sentence Index=2, Syntagm Type=PP",3,Frequency,0.00%,0.00%,0.00%,0.00%,=
86,"Granularity=minimal, Sentence Index=2, Syntagm Type=PRT",3,Result,0,0,0,0.00%,=
86,"Granularity=minimal, Sentence Index=2, Syntagm Type=PRT",3,Frequency,0.00%,0.00%,0.00%,0.00%,=
87,"Granularity=minimal, Sentence Index=2, Syntagm Type=QP",3,Result,0,0,0,0.00%,=
87,"Granularity=minimal, Sentence Index=2, Syntagm Type=QP",3,Frequency,0.00%,0.00%,0.00%,0.00%,=
88,"Granularity=minimal, Sentence Index=2, Syntagm Type=SBAR",3,Result,0,1,+1,+100.00%,↑
88,"Granularity=minimal, Sentence Index=2, Syntagm Type=SBAR",3,Frequency,0.00%,3.70%,+3.70%,+100.00%,↑
89,"Granularity=minimal, Sentence Index=2, Syntagm Type=VP",3,Result,0,0,0,0.00%,=
89,"Granularity=minimal, Sentence Index=2, Syntagm Type=VP",3,Frequency,0.00%,0.00%,0.00%,0.00%,=
90,"Granularity=minimal, Sentence Index=2, Syntagm Type=WHADVP",3,Result,0,1,+1,+100.00%,↑
90,"Granularity=minimal, Sentence Index=2, Syntagm Type=WHADVP",3,Frequency,0.00%,20.00%,+20.00%,+100.00%,↑
91,"Granularity=minimal, Sentence Index=2, Syntagm Type=WHNP",3,Result,0,1,+1,+100.00%,↑
91,"Granularity=minimal, Sentence Index=2, Syntagm Type=WHNP",3,Frequency,0.00%,20.00%,+20.00%,+100.00%,↑
92,"Granularity=minimal, Sentence Index=3",2,Result,4,1,-3,-75.00%,↓
92,"Granularity=minimal, Sentence Index=3",2,Frequency,3.17%,0.79%,-2.38%,-75.08%,↓
93,"Granularity=minimal, Sentence Index=3, Syntagm Type=ADJP",3,Result,0,0,0,0.00%,=
93,"Granularity=minimal, Sentence Index=3, Syntagm Type=ADJP",3,Frequency,0.00%,0.00%,0.00%,0.00%,=
94,"Granularity=minimal, Sentence Index=3, Syntagm Type=ADVP",3,Result,0,0,0,0.00%,=
94,"Granularity=minimal, Sentence Index=3, Syntagm Type=ADVP",3,Frequency,0.00%,0.00%,0.00%,0.00%,=
95,"Granularity=minimal, Sentence Index=3, Syntagm Type=NP",3,Result,4,1,-3,-75.00%,↓
95,"Granularity=minimal, Sentence Index=3, Syntagm Type=NP",3,Frequency,4.21%,1.05%,-3.16%,-75.06%,↓
96,"Granularity=minimal, Sentence Index=3, Syntagm Type=PRT",3,Result,0,0,0,0.00%,=
96,"Granularity=minimal, Sentence Index=3, Syntagm Type=PRT",3,Frequency,0.00%,0.00%,0.00%,0.00%,=
97,"Granularity=minimal, Sentence Index=3, Syntagm Type=SBAR",3,Result,0,0,0,0.00%,=
97,"Granularity=minimal, Sentence Index=3, Syntagm Type=SBAR",3,Frequency,0.00%,0.00%,0.00%,0.00%,=
98,"Granularity=minimal, Sentence Index=3, Syntagm Type=VP",3,Result,0,0,0,0.00%,=
98,"Granularity=minimal, Sentence Index=3, Syntagm Type=VP",3,Frequency,0.00%,0.00%,0.00%,0.00%,=
99,"Granularity=minimal, Sentence Index=3, Syntagm Type=WHADVP",3,Result,0,0,0,0.00%,=
99,"Granularity=minimal, Sentence Index=3, Syntagm Type=WHADVP",3,Frequency,0.00%,0.00%,0.00%,0.00%,=
100,"Granularity=minimal, Sentence Index=3, Syntagm Type=WHNP",3,Result,0,0,0,0.00%,=
100,"Granularity=minimal, Sentence Index=3, Syntagm Type=WHNP",3,Frequency,0.00%,0.00%,0.00%,0.00%,=
101,"Granularity=minimal, Sentence Index=4",2,Result,0,1,+1,+100.00%,↑
101,"Granularity=minimal, Sentence Index=4",2,Frequency,0.00%,2.63%,+2.63%,+100.00%,↑
102,"Granularity=minimal, Sentence Index=4, Syntagm Type=ADJP",3,Result,0,0,0,0.00%,=
102,"Granularity=minimal, Sentence Index=4, Syntagm Type=ADJP",3,Frequency,0.00%,0.00%,0.00%,0.00%,=
103,"Granularity=minimal, Sentence Index=4, Syntagm Type=ADVP",3,Result,0,0,0,0.00%,=
103,"Granularity=minimal, Sentence Index=4, Syntagm Type=ADVP",3,Frequency,0.00%,0.00%,0.00%,0.00%,=
104,"Granularity=minimal, Sentence Index=4, Syntagm Type=NP",3,Result,0,1,+1,+100.00%,↑
104,"Granularity=minimal, Sentence Index=4, Syntagm Type=NP",3,Frequency,0.00%,3.33%,+3.33%,+100.00%,↑
105,"Granularity=minimal, Sentence Index=4, Syntagm Type=SBAR",3,Result,0,0,0,0.00%,=
105,"Granularity=minimal, Sentence Index=4, Syntagm Type=SBAR",3,Frequency,0.00%,0.00%,0.00%,0.00%,=
106,"Granularity=minimal, Sentence Index=4, Syntagm Type=VP",3,Result,0,0,0,0.00%,=
106,"Granularity=minimal, Sentence Index=4, Syntagm Type=VP",3,Frequency,0.00%,0.00%,0.00%,0.00%,=
107,"Granularity=minimal, Sentence Index=4, Syntagm Type=WHNP",3,Result,0,0,0,0.00%,=
107,"Granularity=minimal, Sentence Index=4, Syntagm Type=WHNP",3,Frequency,0.00%,0.00%,0.00%,0.00%,=
108,"Granularity=minimal, Sentence Index=5",2,Result,0,0,0,0.00%,=
108,"Granularity=minimal, Sentence Index=5",2,Frequency,0.00%,0.00%,0.00%,0.00%,=
109,"Granularity=minimal, Sentence Index=5, Syntagm Type=ADJP",3,Result,0,0,0,0.00%,=
109,"Granularity=minimal, Sentence Index=5, Syntagm Type=ADJP",3,Frequency,0.00%,0.00%,0.00%,0.00%,=
110,"Granularity=minimal, Sentence Index=5, Syntagm Type=NP",3,Result,0,0,0,0.00%,=
110,"Granularity=minimal, Sentence Index=5, Syntagm Type=NP",3,Frequency,0.00%,0.00%,0.00%,0.00%,=
111,"Granularity=minimal, Sentence Index=5, Syntagm Type=SBAR",3,Result,0,0,0,0.00%,=
111,"Granularity=minimal, Sentence Index=5, Syntagm Type=SBAR",3,Frequency,0.00%,0.00%,0.00%,0.00%,=
112,"Granularity=minimal, Sentence Index=5, Syntagm Type=VP",3,Result,0,0,0,0.00%,=
112,"Granularity=minimal, Sentence Index=5, Syntagm Type=VP",3,Frequency,0.00%,0.00%,0.00%,0.00%,=
113,"Granularity=minimal, Sentence Index=6",2,Result,0,0,0,0.00%,=
113,"Granularity=minimal, Sentence Index=6",2,Frequency,0.00%,0.00%,0.00%,0.00%,=
114,"Granularity=minimal, Sentence Index=6, Syntagm Type=NP",3,Result,0,0,0,0.00%,=
114,"Granularity=minimal, Sentence Index=6, Syntagm Type=NP",3,Frequency,0.00%,0.00%,0.00%,0.00%,=
115,"Granularity=minimal, Sentence Index=6, Syntagm Type=SBAR",3,Result,0,0,0,0.00%,=
115,"Granularity=minimal, Sentence Index=6, Syntagm Type=SBAR",3,Frequency,0.00%,0.00%,0.00%,0.00%,=
116,"Granularity=minimal, Sentence Index=6, Syntagm Type=VP",3,Result,0,0,0,0.00%,=
116,"Granularity=minimal, Sentence Index=6, Syntagm Type=VP",3,Frequency,0.00%,0.00%,0.00%,0.00%,=
117,"Granularity=minimal, Sentence Index=7",2,Result,0,0,0,0.00%,=
117,"Granularity=minimal, Sentence Index=7",2,Frequency,0.00%,0.00%,0.00%,0.00%,=
118,"Granularity=minimal, Sentence Index=7, Syntagm Type=NP",3,Result,0,0,0,0.00%,=
118,"Granularity=minimal, Sentence Index=7, Syntagm Type=NP",3,Frequency,0.00%,0.00%,0.00%,0.00%,=
119,"Granularity=minimal, Sentence Index=7, Syntagm Type=SBAR",3,Result,0,0,0,0.00%,=
119,"Granularity=minimal, Sentence Index=7, Syntagm Type=SBAR",3,Frequency,0.00%,0.00%,0.00%,0.00%,=
120,"Granularity=minimal, Sentence Index=7, Syntagm Type=VP",3,Result,0,0,0,0.00%,=
120,"Granularity=minimal, Sentence Index=7, Syntagm Type=VP",3,Frequency,0.00%,0.00%,0.00%,0.00%,=
121,"Granularity=minimal, Sentence Index=8",2,Result,0,0,0,0.00%,=
121,"Granularity=minimal, Sentence Index=8",2,Frequency,0.00%,0.00%,0.00%,0.00%,=
122,"Granularity=minimal, Sentence Index=8, Syntagm Type=NP",3,Result,0,0,0,0.00%,=
122,"Granularity=minimal, Sentence Index=8, Syntagm Type=NP",3,Frequency,0.00%,0.00%,0.00%,0.00%,=
123,"Granularity=minimal, Sentence Index=9",2,Result,0,5,+5,+100.00%,↑
123,"Granularity=minimal, Sentence Index=9",2,Frequency,0.00%,250.00%,+250.00%,+100.00%,↑
124,"Granularity=minimal, Sentence Index=9, Syntagm Type=NP",3,Result,0,5,+5,+100.00%,↑
124,"Granularity=minimal, Sentence Index=9, Syntagm Type=NP",3,Frequency,0.00%,250.00%,+250.00%,+100.00%,↑
125,"Granularity=minimal, Syntagm Type=ADJP",2,Result,1,1,0,0.00%,=
125,"Granularity=minimal, Syntagm Type=ADJP",2,Frequency,2.33%,2.33%,0.00%,0.00%,=
126,"Granularity=minimal, Syntagm Type=ADVP",2,Result,3,2,-1,-33.33%,↓
126,"Granularity=minimal, Syntagm Type=ADVP",2,Frequency,6.00%,4.00%,-2.00%,-33.33%,↓
127,"Granularity=minimal, Syntagm Type=CONJP",2,Result,0,0,0,0.00%,=
127,"Granularity=minimal, Syntagm Type=CONJP",2,Frequency,0.00%,0.00%,0.00%,0.00%,=
128,"Granularity=minimal, Syntagm Type=INTJ",2,Result,0,0,0,0.00%,=
128,"Granularity=minimal, Syntagm Type=INTJ",2,Frequency,0.00%,0.00%,0.00%,0.00%,=
129,"Granularity=minimal, Syntagm Type=NP",2,Result,50,98,+48,+96.00%,↑
129,"Granularity=minimal, Syntagm Type=NP",2,Frequency,2.37%,4.64%,+2.27%,+95.78%,↑
130,"Granularity=minimal, Syntagm Type=PP",2,Result,0,0,0,0.00%,=
130,"Granularity=minimal, Syntagm Type=PP",2,Frequency,0.00%,0.00%,0.00%,0.00%,=
131,"Granularity=minimal, Syntagm Type=PRT",2,Result,0,1,+1,+100.00%,↑
131,"Granularity=minimal, Syntagm Type=PRT",2,Frequency,0.00%,4.35%,+4.35%,+100.00%,↑
132,"Granularity=minimal, Syntagm Type=QP",2,Result,0,0,0,0.00%,=
132,"Granularity=minimal, Syntagm Type=QP",2,Frequency,0.00%,0.00%,0.00%,0.00%,=
133,"Granularity=minimal, Syntagm Type=SBAR",2,Result,1,12,+11,+1100.00%,↑
133,"Granularity=minimal, Syntagm Type=SBAR",2,Frequency,0.58%,6.94%,+6.36%,+1096.55%,↑
134,"Granularity=minimal, Syntagm Type=VP",2,Result,1,2,+1,+100.00%,↑
134,"Granularity=minimal, Syntagm Type=VP",2,Frequency,1.05%,2.11%,+1.06%,+100.95%,↑
135,"Granularity=minimal, Syntagm Type=WHADVP",2,Result,0,2,+2,+100.00%,↑
135,"Granularity=minimal, Syntagm Type=WHADVP",2,Frequency,0.00%,7.41%,+7.41%,+100.00%,↑
136,"Granularity=minimal, Syntagm Type=WHNP",2,Result,4,7,+3,+75.00%,↑
136,"Granularity=minimal, Syntagm Type=WHNP",2,Frequency,4.40%,7.69%,+3.29%,+74.77%,↑
137,"Sentence Index=0, Syntagm Type=ADJP",2,Result,2,1,-1,-50.00%,↓
137,"Sentence Index=0, Syntagm Type=ADJP",2,Frequency,8.70%,4.35%,-4.35%,-50.00%,↓
138,"Sentence Index=0, Syntagm Type=ADVP",2,Result,0,2,+2,+100.00%,↑
138,"Sentence Index=0, Syntagm Type=ADVP",2,Frequency,0.00%,6.45%,+6.45%,+100.00%,↑
139,"Sentence Index=0, Syntagm Type=CONJP",2,Result,0,0,0,0.00%,=
139,"Sentence Index=0, Syntagm Type=CONJP",2,Frequency,0.00%,0.00%,0.00%,0.00%,=
140,"Sentence Index=0, Syntagm Type=INTJ",2,Result,0,0,0,0.00%,=
140,"Sentence Index=0, Syntagm Type=INTJ",2,Frequency,0.00%,0.00%,0.00%,0.00%,=
141,"Sentence Index=0, Syntagm Type=NP",2,Result,35,78,+43,+122.86%,↑
141,"Sentence Index=0, Syntagm Type=NP",2,Frequency,1.97%,4.40%,+2.43%,+123.35%,↑
142,"Sentence Index=0, Syntagm Type=PP",2,Result,9,28,+19,+211.11%,↑
142,"Sentence Index=0, Syntagm Type=PP",2,Frequency,1.74%,5.43%,+3.69%,+212.07%,↑
143,"Sentence Index=0, Syntagm Type=PRT",2,Result,0,1,+1,+100.00%,↑
143,"Sentence Index=0, Syntagm Type=PRT",2,Frequency,0.00%,6.67%,+6.67%,+100.00%,↑
144,"Sentence Index=0, Syntagm Type=QP",2,Result,0,0,0,0.00%,=
144,"Sentence Index=0, Syntagm Type=QP",2,Frequency,0.00%,0.00%,0.00%,0.00%,=
145,"Sentence Index=0, Syntagm Type=SBAR",2,Result,2,9,+7,+350.00%,↑
145,"Sentence Index=0, Syntagm Type=SBAR",2,Frequency,1.10%,4.95%,+3.85%,+350.00%,↑
146,"Sentence Index=0, Syntagm Type=VP",2,Result,13,17,+4,+30.77%,↑
146,"Sentence Index=0, Syntagm Type=VP",2,Frequency,3.37%,4.40%,+1.03%,+30.56%,↑
147,"Sentence Index=0, Syntagm Type=WHADVP",2,Result,0,1,+1,+100.00%,↑
147,"Sentence Index=0, Syntagm Type=WHADVP",2,Frequency,0.00%,5.26%,+5.26%,+100.00%,↑
148,"Sentence Index=0, Syntagm Type=WHNP",2,Result,2,5,+3,+150.00%,↑
148,"Sentence Index=0, Syntagm Type=WHNP",2,Frequency,2.63%,6.58%,+3.95%,+150.19%,↑
149,"Sentence Index=1, Syntagm Type=ADJP",2,Result,0,0,0,0.00%,=
149,"Sentence Index=1, Syntagm Type=ADJP",2,Frequency,0.00%,0.00%,0.00%,0.00%,=
150,"Sentence Index=1, Syntagm Type=ADVP",2,Result,3,1,-2,-66.67%,↓
150,"Sentence Index=1, Syntagm Type=ADVP",2,Frequency,37.50%,12.50%,-25.00%,-66.67%,↓
151,"Sentence Index=1, Syntagm Type=NP",2,Result,10,13,+3,+30.00%,↑
151,"Sentence Index=1, Syntagm Type=NP",2,Frequency,3.53%,4.59%,+1.06%,+30.03%,↑
152,"Sentence Index=1, Syntagm Type=PP",2,Result,2,1,-1,-50.00%,↓
152,"Sentence Index=1, Syntagm Type=PP",2,Frequency,3.03%,1.52%,-1.51%,-49.83%,↓
153,"Sentence Index=1, Syntagm Type=PRT",2,Result,0,0,0,0.00%,=
153,"Sentence Index=1, Syntagm Type=PRT",2,Frequency,0.00%,0.00%,0.00%,0.00%,=
154,"Sentence Index=1, Syntagm Type=SBAR",2,Result,0,5,+5,+100.00%,↑
154,"Sentence Index=1, Syntagm Type=SBAR",2,Frequency,0.00%,12.20%,+12.20%,+100.00%,↑
155,"Sentence Index=1, Syntagm Type=VP",2,Result,3,3,0,0.00%,=
155,"Sentence Index=1, Syntagm Type=VP",2,Frequency,2.54%,2.54%,0.00%,0.00%,=
156,"Sentence Index=1, Syntagm Type=WHADVP",2,Result,0,0,0,0.00%,=
156,"Sentence Index=1, Syntagm Type=WHADVP",2,Frequency,0.00%,0.00%,0.00%,0.00%,=
157,"Sentence Index=1, Syntagm Type=WHNP",2,Result,2,1,-1,-50.00%,↓
157,"Sentence Index=1, Syntagm Type=WHNP",2,Frequency,25.00%,12.50%,-12.50%,-50.00%,↓
158,"Sentence Index=2, Syntagm Type=ADJP",2,Result,0,0,0,0.00%,=
158,"Sentence Index=2, Syntagm Type=ADJP",2,Frequency,0.00%,0.00%,0.00%,0.00%,=
159,"Sentence Index=2, Syntagm Type=ADVP",2,Result,0,0,0,0.00%,=
159,"Sentence Index=2, Syntagm Type=ADVP",2,Frequency,0.00%,0.00%,0.00%,0.00%,=
160,"Sentence Index=2, Syntagm Type=NP",2,Result,4,13,+9,+225.00%,↑
160,"Sentence Index=2, Syntagm Type=NP",2,Frequency,1.84%,5.99%,+4.15%,+225.54%,↑
161,"Sentence Index=2, Syntagm Type=PP",2,Result,0,2,+2,+100.00%,↑
161,"Sentence Index=2, Syntagm Type=PP",2,Frequency,0.00%,4.44%,+4.44%,+100.00%,↑
162,"Sentence Index=2, Syntagm Type=PRT",2,Result,0,0,0,0.00%,=
162,"Sentence Index=2, Syntagm Type=PRT",2,Frequency,0.00%,0.00%,0.00%,0.00%,=
163,"Sentence Index=2, Syntagm Type=QP",2,Result,0,0,0,0.00%,=
163,"Sentence Index=2, Syntagm Type=QP",2,Frequency,0.00%,0.00%,0.00%,0.00%,=
164,"Sentence Index=2, Syntagm Type=SBAR",2,Result,0,1,+1,+100.00%,↑
164,"Sentence Index=2, Syntagm Type=SBAR",2,Frequency,0.00%,2.63%,+2.63%,+100.00%,↑
165,"Sentence Index=2, Syntagm Type=VP",2,Result,1,0,-1,-100.00%,↓
165,"Sentence Index=2, Syntagm Type=VP",2,Frequency,1.08%,0.00%,-1.08%,-100.00%,↓
166,"Sentence Index=2, Syntagm Type=WHADVP",2,Result,0,1,+1,+100.00%,↑
166,"Sentence Index=2, Syntagm Type=WHADVP",2,Frequency,0.00%,20.00%,+20.00%,+100.00%,↑
167,"Sentence Index=2, Syntagm Type=WHNP",2,Result,0,1,+1,+100.00%,↑
167,"Sentence Index=2, Syntagm Type=WHNP",2,Frequency,0.00%,20.00%,+20.00%,+100.00%,↑
168,"Sentence Index=3, Syntagm Type=ADJP",2,Result,0,0,0,0.00%,=
168,"Sentence Index=3, Syntagm Type=ADJP",2,Frequency,0.00%,0.00%,0.00%,0.00%,=
169,"Sentence Index=3, Syntagm Type=ADVP",2,Result,0,0,0,0.00%,=
169,"Sentence Index=3, Syntagm Type=ADVP",2,Frequency,0.00%,0.00%,0.00%,0.00%,=
170,"Sentence Index=3, Syntagm Type=NP",2,Result,4,1,-3,-75.00%,↓
170,"Sentence Index=3, Syntagm Type=NP",2,Frequency,3.51%,0.88%,-2.63%,-74.93%,↓
171,"Sentence Index=3, Syntagm Type=PP",2,Result,0,1,+1,+100.00%,↑
171,"Sentence Index=3, Syntagm Type=PP",2,Frequency,0.00%,4.55%,+4.55%,+100.00%,↑
172,"Sentence Index=3, Syntagm Type=PRT",2,Result,0,0,0,0.00%,=
172,"Sentence Index=3, Syntagm Type=PRT",2,Frequency,0.00%,0.00%,0.00%,0.00%,=
173,"Sentence Index=3, Syntagm Type=SBAR",2,Result,0,0,0,0.00%,=
173,"Sentence Index=3, Syntagm Type=SBAR",2,Frequency,0.00%,0.00%,0.00%,0.00%,=
174,"Sentence Index=3, Syntagm Type=VP",2,Result,0,3,+3,+100.00%,↑
174,"Sentence Index=3, Syntagm Type=VP",2,Frequency,0.00%,7.14%,+7.14%,+100.00%,↑
175,"Sentence Index=3, Syntagm Type=WHADVP",2,Result,0,0,0,0.00%,=
175,"Sentence Index=3, Syntagm Type=WHADVP",2,Frequency,0.00%,0.00%,0.00%,0.00%,=
176,"Sentence Index=3, Syntagm Type=WHNP",2,Result,0,0,0,0.00%,=
176,"Sentence Index=3, Syntagm Type=WHNP",2,Frequency,0.00%,0.00%,0.00%,0.00%,=
177,"Sentence Index=4, Syntagm Type=ADJP",2,Result,0,0,0,0.00%,=
177,"Sentence Index=4, Syntagm Type=ADJP",2,Frequency,0.00%,0.00%,0.00%,0.00%,=
178,"Sentence Index=4, Syntagm Type=ADVP",2,Result,0,0,0,0.00%,=
178,"Sentence Index=4, Syntagm Type=ADVP",2,Frequency,0.00%,0.00%,0.00%,0.00%,=
179,"Sentence Index=4, Syntagm Type=NP",2,Result,0,1,+1,+100.00%,↑
179,"Sentence Index=4, Syntagm Type=NP",2,Frequency,0.00%,3.23%,+3.23%,+100.00%,↑
180,"Sentence Index=4, Syntagm Type=PP",2,Result,0,0,0,0.00%,=
180,"Sentence Index=4, Syntagm Type=PP",2,Frequency,0.00%,0.00%,0.00%,0.00%,=
181,"Sentence Index=4, Syntagm Type=SBAR",2,Result,0,0,0,0.00%,=
181,"Sentence Index=4, Syntagm Type=SBAR",2,Frequency,0.00%,0.00%,0.00%,0.00%,=
182,"Sentence Index=4, Syntagm Type=VP",2,Result,0,0,0,0.00%,=
182,"Sentence Index=4, Syntagm Type=VP",2,Frequency,0.00%,0.00%,0.00%,0.00%,=
183,"Sentence Index=4, Syntagm Type=WHNP",2,Result,0,0,0,0.00%,=
183,"Sentence Index=4, Syntagm Type=WHNP",2,Frequency,0.00%,0.00%,0.00%,0.00%,=
184,"Sentence Index=5, Syntagm Type=ADJP",2,Result,0,0,0,0.00%,=
184,"Sentence Index=5, Syntagm Type=ADJP",2,Frequency,0.00%,0.00%,0.00%,0.00%,=
185,"Sentence Index=5, Syntagm Type=NP",2,Result,0,0,0,0.00%,=
185,"Sentence Index=5, Syntagm Type=NP",2,Frequency,0.00%,0.00%,0.00%,0.00%,=
186,"Sentence Index=5, Syntagm Type=PP",2,Result,0,0,0,0.00%,=
186,"Sentence Index=5, Syntagm Type=PP",2,Frequency,0.00%,0.00%,0.00%,0.00%,=
187,"Sentence Index=5, Syntagm Type=SBAR",2,Result,0,0,0,0.00%,=
187,"Sentence Index=5, Syntagm Type=SBAR",2,Frequency,0.00%,0.00%,0.00%,0.00%,=
188,"Sentence Index=5, Syntagm Type=VP",2,Result,0,0,0,0.00%,=
188,"Sentence Index=5, Syntagm Type=VP",2,Frequency,0.00%,0.00%,0.00%,0.00%,=
189,"Sentence Index=6, Syntagm Type=NP",2,Result,0,0,0,0.00%,=
189,"Sentence Index=6, Syntagm Type=NP",2,Frequency,0.00%,0.00%,0.00%,0.00%,=
190,"Sentence Index=6, Syntagm Type=PP",2,Result,0,0,0,0.00%,=
190,"Sentence Index=6, Syntagm Type=PP",2,Frequency,0.00%,0.00%,0.00%,0.00%,=
191,"Sentence Index=6, Syntagm Type=SBAR",2,Result,0,0,0,0.00%,=
191,"Sentence Index=6, Syntagm Type=SBAR",2,Frequency,0.00%,0.00%,0.00%,0.00%,=
192,"Sentence Index=6, Syntagm Type=VP",2,Result,0,0,0,0.00%,=
192,"Sentence Index=6, Syntagm Type=VP",2,Frequency,0.00%,0.00%,0.00%,0.00%,=
193,"Sentence Index=7, Syntagm Type=NP",2,Result,0,0,0,0.00%,=
193,"Sentence Index=7, Syntagm Type=NP",2,Frequency,0.00%,0.00%,0.00%,0.00%,=
194,"Sentence Index=7, Syntagm Type=SBAR",2,Result,0,0,0,0.00%,=
194,"Sentence Index=7, Syntagm Type=SBAR",2,Frequency,0.00%,0.00%,0.00%,0.00%,=
195,"Sentence Index=7, Syntagm Type=VP",2,Result,0,0,0,0.00%,=
195,"Sentence Index=7, Syntagm Type=VP",2,Frequency,0.00%,0.00%,0.00%,0.00%,=
196,"Sentence Index=8, Syntagm Type=NP",2,Result,0,0,0,0.00%,=
196,"Sentence Index=8, Syntagm Type=NP",2,Frequency,0.00%,0.00%,0.00%,0.00%,=
197,"Sentence Index=8, Syntagm Type=VP",2,Result,0,0,0,0.00%,=
197,"Sentence Index=8, Syntagm Type=VP",2,Frequency,0.00%,0.00%,0.00%,0.00%,=
198,"Sentence Index=9, Syntagm Type=NP",2,Result,0,5,+5,+100.00%,↑
198,"Sentence Index=9, Syntagm Type=NP",2,Frequency,0.00%,250.00%,+250.00%,+100.00%,↑
199,"Sentence Index=9, Syntagm Type=VP",2,Result,0,0,0,0.00%,=
199,"Sentence Index=9, Syntagm Type=VP",2,Frequency,0.00%,0.00%,0.00%,0.00%,=
